$/year,battery electric vehicle,natural gas vehicle,gasoline vehicle,diesel vehicle,plugin hybrid vehicle,LPG vehicle,hydrogen vehicle
LDVs,67.46911042,128.4534597,128.4534597,128.4534597,128.4534597,128.4534597,67.46911042
HDVs,2306.695639,2935.79445,2935.79445,2935.79445,2935.79445,2935.79445,2306.695639
aircraft,0.0,446107.4665,446107.4665,446107.4665,446107.4665,446107.4665,0.0
rail,476404.6865,652161.2296,652161.2296,652161.2296,652161.2296,652161.2296,476404.6865
ships,0.0,331918.9633,331918.9633,331918.9633,331918.9633,331918.9633,0.0
motorbikes,93.99294975,178.9518123,178.9518123,178.9518123,178.9518123,178.9518123,93.99294975
